date,market,crop,modal_price,min_price,max_price,arrivals_quintal,season,month,rainfall_mm,temp_max
2026-08-01,Pune APMC,Tomato,2200,1800,2600,1500,Kharif,8,12.5,29.4
2026-08-08,Pune APMC,Tomato,2350,1900,2700,1420,Kharif,8,8.2,30.1
2026-08-15,Pune APMC,Tomato,2500,2000,2900,1310,Kharif,8,4.0,31.2
2026-08-22,Pune APMC,Tomato,2650,2100,3100,1200,Kharif,8,0.0,32.0
2026-08-29,Pune APMC,Tomato,2800,2250,3300,1050,Kharif,8,0.0,32.5
2026-09-05,Pune APMC,Tomato,2900,2400,3400,980,Kharif,9,2.5,31.8
2026-09-12,Pune APMC,Tomato,2850,2300,3350,1100,Kharif,9,15.0,28.5
2026-09-19,Pune APMC,Tomato,2750,2200,3200,1250,Kharif,9,22.0,27.8
2026-08-01,Baramati APMC,Tomato,2100,1750,2500,600,Kharif,8,10.0,29.8
2026-08-15,Baramati APMC,Tomato,2400,1950,2800,520,Kharif,8,3.5,31.5
2026-09-01,Baramati APMC,Tomato,2750,2200,3150,450,Kharif,9,1.0,32.8
2026-09-15,Baramati APMC,Tomato,2650,2100,3050,550,Kharif,9,18.0,28.0
2026-08-01,Pune APMC,Onion,1500,1200,1800,3500,Kharif,8,12.5,29.4
2026-08-15,Pune APMC,Onion,1600,1300,1900,3400,Kharif,8,4.0,31.2
2026-09-01,Pune APMC,Onion,1650,1350,2000,3300,Kharif,9,1.0,32.8
2026-09-15,Pune APMC,Onion,1700,1400,2050,3100,Kharif,9,18.0,28.0
2026-08-01,Pune APMC,Wheat,2150,2000,2300,1200,Rabi,8,12.5,29.4
2026-09-01,Pune APMC,Wheat,2200,2050,2350,1150,Rabi,9,1.0,32.8
2026-08-01,Pune APMC,Soybean,3900,3700,4200,700,Kharif,8,12.5,29.4
2026-09-01,Pune APMC,Soybean,4050,3800,4300,650,Kharif,9,1.0,32.8
